season,avoid_origin,avoid_dest,avoid_risk,swap_dest,swap_risk,risk_reduction
Summer (Jun-Aug),ATL,MCO,93.12331357715986,HRL,22.45479028868943,70.66852328847042
Winter (Dec-Feb),XNA,SGF,93.84521714324295,LRD,25.092072709465604,68.75314443377735
Summer (Jun-Aug),DEN,MCO,91.70870572571998,HRL,23.051048285131216,68.65765744058876
Summer (Jun-Aug),LAS,MCO,93.55943541853239,HRL,25.515542986620186,68.0438924319122
Summer (Jun-Aug),MCO,MIA,96.0749709208261,HRL,29.994349102491487,66.08062181833462
Summer (Jun-Aug),DEN,IAH,86.64197402795418,HRL,23.051048285131216,63.59092574282296
Summer (Jun-Aug),IAH,MCO,90.2817914171756,HRL,26.741992567668415,63.53979884950718
Summer (Jun-Aug),LAX,ATL,83.83886105244167,HRL,21.999386585575404,61.839474466866264
Summer (Jun-Aug),ATL,MIA,84.26102792249326,HRL,22.45479028868943,61.806237633803825
Summer (Jun-Aug),ATL,DEN,83.60133548543645,HRL,22.45479028868943,61.14654519674702
Summer (Jun-Aug),LAX,IAH,89.25311680643073,HRL,28.312126782198675,60.94099002423205
Summer (Jun-Aug),MCO,CLT,76.41430750821986,HRL,15.547506357808945,60.86680115041092
Summer (Jun-Aug),DEN,LAS,83.63282370035657,HRL,23.051048285131216,60.58177541522535
Summer (Jun-Aug),ATL,IAH,82.93029844525803,HRL,22.45479028868943,60.4755081565686
Summer (Jun-Aug),ATL,LAS,81.16849455759841,HRL,22.45479028868943,58.71370426890898
Summer (Jun-Aug),ORD,MCO,84.03835561192624,HRL,25.390833356155145,58.647522255771094
Summer (Jun-Aug),AUS,MIA,84.06991962797414,HRL,25.718098346147563,58.35182128182658
Summer (Jun-Aug),LAS,AUS,83.83023259835643,HRL,25.515542986620186,58.31468961173624
Winter (Dec-Feb),XNA,LFT,83.32341352813943,LRD,25.092072709465604,58.23134081867382
Summer (Jun-Aug),LAX,MCO,86.4200098358461,HRL,28.312126782198675,58.10788305364743
Summer (Jun-Aug),LAX,DEN,86.1664168103523,HRL,28.312126782198675,57.85429002815363
Summer (Jun-Aug),DEN,MIA,80.29021788585221,HRL,23.051048285131216,57.239169600721
Winter (Dec-Feb),SGF,LFT,80.83714630855684,LRD,23.875921166090272,56.96122514246657
Summer (Jun-Aug),PHX,MCO,83.46936053240684,HRL,26.911666036713456,56.55769449569338
Winter (Dec-Feb),XNA,LIT,81.43655636882698,LRD,25.092072709465604,56.34448365936138
Summer (Jun-Aug),LAS,IAH,81.63466753198118,HRL,25.515542986620186,56.11912454536099
Summer (Jun-Aug),LGA,MCO,79.93389510714017,HRL,24.059468258858654,55.874426848281516
Winter (Dec-Feb),ORD,XNA,76.85137059208138,LRD,21.06900334197536,55.78236725010602
Summer (Jun-Aug),ORD,DEN,80.81040453864318,HRL,25.390833356155145,55.41957118248804
Summer (Jun-Aug),LAX,ORD,77.26672684070063,HRL,21.999386585575404,55.26734025512522
Summer (Jun-Aug),DEN,AUS,78.23929829018307,HRL,23.051048285131216,55.188250005051856
Summer (Jun-Aug),DEN,SEA,77.97382009100151,HRL,23.051048285131216,54.9227718058703
Winter (Dec-Feb),AUS,SAN,81.04126492209575,HRL,26.459201032393942,54.58206388970181
Summer (Jun-Aug),LAX,AUS,82.6777378426652,HRL,28.312126782198675,54.36561106046652
Summer (Jun-Aug),MIA,FLL,82.88007009597948,HRL,28.52465206318216,54.35541803279732
Summer (Jun-Aug),LAX,LAS,82.28485697718878,HRL,28.312126782198675,53.972730194990106
Summer (Jun-Aug),DEN,FLL,76.71601945520138,HRL,23.051048285131216,53.66497117007016
Winter (Dec-Feb),LAX,SAN,81.4000244004885,HRL,27.963635361808272,53.43638903868023
Summer (Jun-Aug),ATL,SEA,75.86961474145009,HRL,22.45479028868943,53.41482445276066
Summer (Jun-Aug),ATL,CLT,78.8730023637158,HRL,25.561798069651203,53.311204294064595
Summer (Jun-Aug),MCO,TPA,83.27205497103911,HRL,29.994349102491487,53.27770586854763
Summer (Jun-Aug),MCO,FLL,83.21027087355138,HRL,29.994349102491487,53.2159217710599
Summer (Jun-Aug),LAS,MIA,78.5047909780641,HRL,25.515542986620186,52.989247991443904
Winter (Dec-Feb),IAH,SAN,80.11017153981831,HRL,27.488664664830882,52.62150687498743
Summer (Jun-Aug),ATL,AUS,75.07600239687852,HRL,22.45479028868943,52.62121210818909
Winter (Dec-Feb),LIT,SGF,74.55793442158087,LRD,22.183909803603612,52.374024617977256
Summer (Jun-Aug),ORD,IAH,77.60155075851817,HRL,25.390833356155145,52.21071740236303
Winter (Dec-Feb),XNA,STL,77.09471841900147,LRD,25.092072709465604,52.00264570953586
Winter (Dec-Feb),SAN,LIT,79.84706279898602,HRL,27.883397668212055,51.96366513077396
Winter (Dec-Feb),MCO,XNA,74.81431560587612,LRD,22.865240234508654,51.949075371367464
Summer (Jun-Aug),LAS,SEA,77.1921770831493,HRL,25.515542986620186,51.67663409652911
Summer (Jun-Aug),MCO,SEA,81.6456725109691,HRL,29.994349102491487,51.65132340847762
Summer (Jun-Aug),ATL,ORD,77.14078195958635,HRL,25.561798069651203,51.578983889935145
Summer (Jun-Aug),ORD,LGA,75.82224883411794,HRL,24.32842941743534,51.4938194166826
Summer (Jun-Aug),ATL,LGA,76.94898439313461,HRL,25.561798069651203,51.387186323483405
Summer (Jun-Aug),MCO,LIT,81.28248889173332,HRL,29.994349102491487,51.28813978924184
Summer (Jun-Aug),MCO,AUS,80.85499055634253,HRL,29.994349102491487,50.860641453851045
Summer (Jun-Aug),ATL,PHX,73.22976475666917,HRL,22.45479028868943,50.77497446797974
Summer (Jun-Aug),DEN,PHX,73.80234996951054,HRL,23.051048285131216,50.75130168437933
Winter (Dec-Feb),LAX,IAH,78.42509797525408,HRL,27.963635361808272,50.4614626134458
Summer (Jun-Aug),LAX,MIA,78.63294869177179,HRL,28.312126782198675,50.32082190957311
Summer (Jun-Aug),ORD,LAS,75.58136261993539,HRL,25.390833356155145,50.19052926378025
Summer (Jun-Aug),AUS,FLL,75.89542775905477,HRL,25.718098346147563,50.177329412907206
Summer (Jun-Aug),ORD,SEA,75.54115885136133,HRL,25.390833356155145,50.15032549520619
Summer (Jun-Aug),PHX,AUS,76.71654802325605,HRL,26.911666036713456,49.8048819865426
Fall (Sep-Nov),ATL,ORD,66.32730837190537,HRL,16.85974433975049,49.46756403215488
Fall (Sep-Nov),AUS,MIA,65.19683251137607,HRL,16.139982170157932,49.05685034121814
Summer (Jun-Aug),LAS,PHX,74.56614383752218,HRL,25.515542986620186,49.050600850901986
Summer (Jun-Aug),IAH,AUS,75.62521182732476,HRL,26.741992567668415,48.88321925965634
Summer (Jun-Aug),LAX,PHX,76.98940843451506,HRL,28.312126782198675,48.67728165231638
Fall (Sep-Nov),LAX,ORD,68.69537570878181,HRL,20.041738976089583,48.65363673269223
Winter (Dec-Feb),MCO,SAN,71.76423073980078,HRL,23.14847864335496,48.61575209644582
Winter (Dec-Feb),SGF,STL,72.46096315831151,LRD,23.875921166090272,48.58504199222124
Summer (Jun-Aug),SEA,MIA,75.07758895549198,HRL,26.60627669577324,48.47131225971874
Summer (Jun-Aug),LGA,DEN,72.51659365869087,HRL,24.059468258858654,48.45712539983221
Summer (Jun-Aug),LAX,SEA,76.4379204108635,HRL,28.312126782198675,48.12579362866482
Winter (Dec-Feb),EWR,SAN,76.06546754164927,HRL,27.958741452562744,48.10672608908652
Winter (Dec-Feb),LIT,LFT,70.18058205840074,LRD,22.183909803603612,47.99667225479713
Summer (Jun-Aug),LGA,AUS,72.02080298780852,HRL,24.059468258858654,47.961334728949865
Summer (Jun-Aug),PHX,MIA,74.81437881273538,HRL,26.911666036713456,47.90271277602193
Winter (Dec-Feb),BOS,SAN,73.09106030838326,HRL,25.188871798214496,47.90218851016877
Winter (Dec-Feb),ORD,LGA,71.92544270257733,HRL,24.043950994178868,47.88149170839846
Winter (Dec-Feb),XNA,BTR,72.91068922925388,LRD,25.092072709465604,47.81861651978827
Summer (Jun-Aug),IAH,MIA,74.55075999522946,HRL,26.741992567668415,47.80876742756104
Summer (Jun-Aug),IAH,LIT,74.49314926568942,HRL,26.741992567668415,47.751156698021006
Summer (Jun-Aug),ATL,FLL,70.09524314382158,HRL,22.45479028868943,47.640452855132146
Summer (Jun-Aug),DEN,CLT,70.54111819444786,HRL,23.051048285131216,47.490069909316645
Summer (Jun-Aug),IAH,PHX,74.22562551393787,HRL,26.741992567668415,47.48363294626945
Summer (Jun-Aug),AUS,SEA,73.18633643892323,HRL,25.718098346147563,47.46823809277567
Winter (Dec-Feb),LAX,LAS,75.4285636072867,HRL,27.963635361808272,47.46492824547843
Winter (Dec-Feb),CLT,XNA,70.41663167329463,SAF,23.075069546309557,47.341562126985075
Summer (Jun-Aug),ATL,BOS,69.75675222906675,HRL,22.45479028868943,47.30196194037732
Summer (Jun-Aug),DEN,TPA,70.3500097951571,HRL,23.051048285131216,47.29896151002589
Summer (Jun-Aug),ATL,MSY,72.75458803544171,HRL,25.561798069651203,47.19278996579051
Summer (Jun-Aug),ORD,AUS,72.15695371851689,HRL,25.390833356155145,46.76612036236175
Winter (Dec-Feb),SGF,BTR,70.35064816612473,LRD,23.875921166090272,46.474727000034456
Summer (Jun-Aug),ATL,SLC,68.85391810258814,HRL,22.45479028868943,46.39912781389871
Summer (Jun-Aug),MIA,TPA,74.74180069852208,HRL,28.52465206318216,46.217148635339925
Winter (Dec-Feb),LAX,MCO,74.17443102444498,HRL,27.963635361808272,46.21079566263671
Winter (Dec-Feb),SFO,SAN,72.66424817811632,HRL,26.461059022142337,46.20318915597399
Summer (Jun-Aug),LGA,SEA,70.2537301544856,HRL,24.059468258858654,46.19426189562694
Summer (Jun-Aug),LGA,LAS,67.17368316365469,HRL,20.985023837865395,46.18865932578929
Summer (Jun-Aug),IAH,SAT,72.92927025794184,HRL,26.741992567668415,46.18727769027342
Summer (Jun-Aug),LIT,LFT,74.07132152793676,HRL,27.94640506488612,46.12491646305064
Winter (Dec-Feb),DEN,XNA,65.83255691489941,LRD,19.74494699248371,46.0876099224157
Summer (Jun-Aug),LAX,FLL,74.13435688285244,HRL,28.312126782198675,45.82223010065377
Summer (Jun-Aug),AUS,SAN,71.31339568056863,HRL,25.718098346147563,45.59529733442107
Summer (Jun-Aug),MCO,SAT,75.56884494034745,HRL,29.994349102491487,45.57449583785596
Winter (Dec-Feb),LAX,AUS,73.45466790488834,HRL,27.963635361808272,45.49103254308007
Summer (Jun-Aug),LAX,CLT,67.47978775043255,HRL,21.999386585575404,45.48040116485714
Summer (Jun-Aug),ORD,MIA,70.8678529182587,HRL,25.390833356155145,45.477019562103564
Summer (Jun-Aug),DEN,SAT,68.45908083568254,HRL,23.051048285131216,45.408032550551326
Summer (Jun-Aug),ATL,TPA,70.9512178538058,HRL,25.561798069651203,45.3894197841546
Summer (Jun-Aug),LGA,IAH,69.41117286771181,HRL,24.059468258858654,45.351704608853154
Summer (Jun-Aug),ATL,SAT,67.77905464916718,HRL,22.45479028868943,45.32426436047775
Summer (Jun-Aug),DEN,SLC,68.36870850404772,HRL,23.051048285131216,45.3176602189165
Summer (Jun-Aug),LAS,FLL,70.61775458607283,HRL,25.515542986620186,45.102211599452644
Summer (Jun-Aug),ORD,PHX,70.4759629441326,HRL,25.390833356155145,45.08512958797746
Winter (Dec-Feb),MCO,LIT,68.20982061023314,HRL,23.14847864335496,45.061341966878175
Summer (Jun-Aug),LAX,LGA,73.34446371545025,HRL,28.312126782198675,45.03233693325157
Winter (Dec-Feb),ORD,SAN,69.07377857660668,HRL,24.043950994178868,45.029827582427814
Summer (Jun-Aug),AUS,TPA,70.6868866431075,HRL,25.718098346147563,44.968788296959936
Winter (Dec-Feb),PHX,MCO,72.00065547923411,HRL,27.108124252869185,44.89253122636492
Winter (Dec-Feb),ORD,SGF,65.95294320394497,LRD,21.06900334197536,44.88393986196961
Summer (Jun-Aug),LGA,MIA,68.93478521834065,HRL,24.059468258858654,44.87531695948199
Summer (Jun-Aug),FLL,TPA,71.21057606688368,HRL,26.338493728007407,44.87208233887627
Summer (Jun-Aug),MCO,MSY,70.03718799458078,HRL,25.178970480390092,44.858217514190684
Winter (Dec-Feb),DCA,XNA,65.97528387249525,LRD,21.124193337436395,44.85109053505886
Summer (Jun-Aug),PHX,CLT,71.75092908133371,HRL,26.911666036713456,44.83926304462025
Summer (Jun-Aug),LAX,SAT,72.99649115178315,HRL,28.312126782198675,44.68436436958447
Winter (Dec-Feb),OKC,XNA,66.03036936554051,SAF,21.429483581838518,44.60088578370199
Summer (Jun-Aug),ORD,FLL,69.88089183776393,HRL,25.390833356155145,44.490058481608784
Winter (Dec-Feb),SEA,SAN,69.03725317507644,HRL,24.56433225140577,44.47292092367067
Winter (Dec-Feb),CLT,SAN,69.56206020121179,HRL,25.13352069995127,44.42853950126052
Winter (Dec-Feb),LIT,BTR,66.55317545791897,LRD,22.183909803603612,44.369265654315356
Summer (Jun-Aug),AUS,LIT,70.07811028607388,HRL,25.718098346147563,44.360011939926316
Winter (Dec-Feb),STL,LFT,67.30472896214584,LRD,22.94908552687287,44.355643435272974
Winter (Dec-Feb),ORD,AUS,68.38548792996332,HRL,24.043950994178868,44.34153693578445
Winter (Dec-Feb),SLC,SAN,72.24927545491343,HRL,28.023372343943826,44.225903110969604
Summer (Jun-Aug),LAS,BOS,69.670841282491,HRL,25.515542986620186,44.15529829587081
Summer (Jun-Aug),LAS,TPA,69.66892360771195,HRL,25.515542986620186,44.153380621091756
Summer (Jun-Aug),IAH,SEA,70.7441974243954,HRL,26.741992567668415,44.002204856726976
Summer (Jun-Aug),ATL,MCI,66.40323723342235,HRL,22.45479028868943,43.948446944732915
Summer (Jun-Aug),LAS,CLT,66.07777827845287,HRL,22.208560129542953,43.869218148909916
Summer (Jun-Aug),IAH,FLL,70.59062530921548,HRL,26.741992567668415,43.848632741547064
Winter (Dec-Feb),TUL,LIT,69.5698123902006,HRL,25.82667405465415,43.74313833554645
Summer (Jun-Aug),MCO,BHM,73.67613281363302,HRL,29.994349102491487,43.681783711141534
Winter (Dec-Feb),XNA,PDX,68.7583351923899,LRD,25.092072709465604,43.66626248292429
Winter (Dec-Feb),IAH,LIT,71.12944688475612,HRL,27.488664664830882,43.64078221992524
Winter (Dec-Feb),ATL,LGA,67.25927567074463,HRL,23.731723087709312,43.527552583035316
Winter (Dec-Feb),OKC,LIT,68.50522565556267,HRL,25.005041369756576,43.50018428580609
Winter (Dec-Feb),ORD,MCO,67.53022218457328,HRL,24.043950994178868,43.486271190394405
Winter (Dec-Feb),XNA,OMA,68.46157529532071,LRD,25.092072709465604,43.36950258585511
Winter (Dec-Feb),MCO,BOS,66.49254714012575,HRL,23.14847864335496,43.34406849677079
Summer (Jun-Aug),ATL,EWR,65.78606582724328,HRL,22.45479028868943,43.33127553855385
Summer (Jun-Aug),DEN,DTW,66.31750700520006,HRL,23.051048285131216,43.26645872006884
Winter (Dec-Feb),MCO,SGF,66.071215162054,LRD,22.865240234508654,43.20597492754535
Summer (Jun-Aug),ATL,SFO,65.65395353513486,HRL,22.45479028868943,43.19916324644543
Winter (Dec-Feb),AUS,LIT,69.64572176720412,HRL,26.459201032393942,43.18652073481018
Winter (Dec-Feb),LAX,MIA,71.07923855569088,HRL,27.963635361808272,43.115603193882606
Winter (Dec-Feb),XNA,ABI,68.16603703145059,LRD,25.092072709465604,43.07396432198498
Summer (Jun-Aug),LAX,MSY,65.03467586024995,HRL,21.999386585575404,43.03528927467454
Winter (Dec-Feb),ORD,EWR,67.02714176016144,HRL,24.043950994178868,42.98319076598257
Summer (Jun-Aug),DEN,SAN,66.01918518182386,HRL,23.051048285131216,42.96813689669264
Summer (Jun-Aug),SEA,FLL,69.53016159818625,HRL,26.60627669577324,42.923884902413015
Winter (Dec-Feb),SGF,OMA,66.73893023597802,LRD,23.875921166090272,42.863009069887745
Summer (Jun-Aug),IAH,CLT,69.57536181682737,HRL,26.741992567668415,42.83336924915895
Winter (Dec-Feb),BOS,LIT,67.89909458447686,HRL,25.188871798214496,42.710222786262364
Summer (Jun-Aug),ATL,MEM,65.14005852679492,HRL,22.45479028868943,42.685268238105486
Summer (Jun-Aug),LGA,PHX,66.7069857950459,HRL,24.059468258858654,42.64751753618724
Summer (Jun-Aug),SEA,CLT,69.2058420306825,HRL,26.60627669577324,42.599565334909265
Summer (Jun-Aug),IAH,TPA,69.32528787839595,HRL,26.741992567668415,42.583295310727536
Summer (Jun-Aug),MCO,DTW,72.5150121563425,HRL,29.994349102491487,42.52066305385101
Winter (Dec-Feb),LAX,ORD,70.45725984546223,HRL,27.963635361808272,42.49362448365396
Winter (Dec-Feb),BTR,LFT,65.13614858217092,LRD,22.733083934650885,42.40306464752003
Winter (Dec-Feb),IAH,MCO,69.86154025327279,HRL,27.488664664830882,42.372875588441914
Summer (Jun-Aug),XNA,LIT,66.72512497758231,HRL,24.406798918564625,42.318326059017686
Winter (Dec-Feb),ATL,SAN,66.01522001452821,HRL,23.731723087709312,42.2834969268189
Summer (Jun-Aug),PHX,BOS,69.15689123836934,HRL,26.911666036713456,42.245225201655884
Summer (Jun-Aug),DEN,ONT,65.29136159045558,HRL,23.051048285131216,42.240313305324364
Winter (Dec-Feb),LGA,SAN,69.60933176183816,HRL,27.377653842215565,42.2316779196226
Summer (Jun-Aug),ORD,CLT,66.49196933996694,HRL,24.32842941743534,42.1635399225316
Summer (Jun-Aug),LAX,EWR,70.42316527757991,HRL,28.312126782198675,42.11103849538124
Summer (Jun-Aug),IAH,MSY,68.8446462146459,HRL,26.741992567668415,42.10265364697749
Summer (Jun-Aug),DEN,EWR,65.11999232744697,HRL,23.051048285131216,42.06894404231575
Summer (Jun-Aug),AUS,SAT,67.73419834881392,HRL,25.718098346147563,42.016100002666356
Summer (Jun-Aug),MCO,SAN,71.9395602551232,HRL,29.994349102491487,41.945211152631714
Winter (Dec-Feb),MSY,LIT,68.607758605478,HRL,26.677305836437736,41.93045276904026
Winter (Dec-Feb),LAX,DEN,69.83986924596819,HRL,27.963635361808272,41.876233884159916
Summer (Jun-Aug),LAX,SFO,70.1774549972711,HRL,28.312126782198675,41.865328215072424
Summer (Jun-Aug),LIT,MAF,70.85788804697015,CHA,29.04663709312608,41.811250953844066
Winter (Dec-Feb),XNA,ELP,66.87942862227152,LRD,25.092072709465604,41.787355912805914
Winter (Dec-Feb),PHX,LIT,68.83188098253076,HRL,27.108124252869185,41.723756729661574
Winter (Dec-Feb),SAT,SAN,69.31043839495433,HRL,27.595626408024923,41.714811986929405
Summer (Jun-Aug),LAS,SLC,67.2242647728239,HRL,25.515542986620186,41.70872178620371
Summer (Jun-Aug),MCO,BOS,71.68982478495136,HRL,29.994349102491487,41.69547568245987
Summer (Jun-Aug),ORD,DTW,67.01984267885425,HRL,25.390833356155145,41.629009322699105
Summer (Jun-Aug),MCO,OKC,71.57804950055969,HRL,29.994349102491487,41.5837003980682
Winter (Dec-Feb),LAX,SEA,69.50191284976728,HRL,27.963635361808272,41.53827748795901
Winter (Dec-Feb),LIT,SHV,65.46747749957068,HRL,23.99685644025505,41.470621059315626
Summer (Jun-Aug),MIA,LIT,69.98473817307111,HRL,28.52465206318216,41.46008610988895
Summer (Jun-Aug),LAX,BOS,69.73094243358078,HRL,28.312126782198675,41.418815651382104
Summer (Jun-Aug),CLT,FLL,67.57881376165787,CHA,26.173926532832223,41.40488722882564
Summer (Jun-Aug),LAS,SAT,66.90894936775784,HRL,25.515542986620186,41.39340638113765
Summer (Jun-Aug),IAH,DTW,68.07858734819683,HRL,26.741992567668415,41.336594780528415
Winter (Dec-Feb),AUS,BOS,67.7929427514861,HRL,26.459201032393942,41.33374171909215
Summer (Jun-Aug),PHX,FLL,68.21664998749308,HRL,26.911666036713456,41.30498395077963
Summer (Jun-Aug),IAH,SFO,68.04307290927773,HRL,26.741992567668415,41.30108034160931
Summer (Jun-Aug),PHX,SEA,68.2072628521378,HRL,26.911666036713456,41.29559681542435
Winter (Dec-Feb),ORD,IAH,65.13629830418265,HRL,24.043950994178868,41.092347310003774
Summer (Jun-Aug),LIT,TPA,70.12231317446066,CHA,29.04663709312608,41.07567608133458
Winter (Dec-Feb),LGA,BOS,68.42777190096716,HRL,27.377653842215565,41.05011805875159
Winter (Dec-Feb),XNA,LBB,66.0822609341204,LRD,25.092072709465604,40.990188224654794
Winter (Dec-Feb),LGA,SFO,68.36300443715011,HRL,27.377653842215565,40.985350594934545
Winter (Dec-Feb),CLT,LIT,66.11261856779974,HRL,25.13352069995127,40.97909786784847
Summer (Jun-Aug),LAS,SAN,66.48734406691563,HRL,25.515542986620186,40.971801080295435
Winter (Dec-Feb),PHL,SAN,69.29320285058262,HRL,28.338379790430476,40.95482306015214
Winter (Dec-Feb),LAX,PHX,68.90835548137078,HRL,27.963635361808272,40.944720119562504
Winter (Dec-Feb),SEA,MIA,65.48190531721475,HRL,24.56433225140577,40.91757306580898
Summer (Jun-Aug),LAS,SFO,66.33301395295733,HRL,25.515542986620186,40.81747096633714
Winter (Dec-Feb),LAX,LGA,68.66697722958843,HRL,27.963635361808272,40.70334186778015
Summer (Jun-Aug),LAX,BNA,69.01425980919302,HRL,28.312126782198675,40.702133026994346
Summer (Jun-Aug),MCO,PHL,70.62201782538331,HRL,29.994349102491487,40.627668722891826
Summer (Jun-Aug),AUS,CLT,66.38080469894196,HRL,25.796220732831742,40.584583966110216
Winter (Dec-Feb),LAX,SFO,68.45075757239736,HRL,27.963635361808272,40.48712221058909
Summer (Jun-Aug),SAN,FLL,65.59565977384837,LRD,25.15145835509316,40.44420141875521
Summer (Jun-Aug),LAS,LIT,65.8536615536981,HRL,25.515542986620186,40.33811856707791
Winter (Dec-Feb),EWR,JFK,68.28020828169944,HRL,27.958741452562744,40.321466829136696
Winter (Dec-Feb),ELP,LIT,68.0147095679405,HRL,27.693862669457875,40.32084689848263
Summer (Jun-Aug),BNA,LIT,65.91341496131055,HRL,25.603656725154053,40.3097582361565
Summer (Jun-Aug),CLT,LIT,65.77693818363248,HRL,25.482688927020437,40.29424925661205
Summer (Jun-Aug),SAN,TPA,65.4378732924414,LRD,25.15145835509316,40.28641493734824
Summer (Jun-Aug),MCO,TUL,70.22496768889883,HRL,29.994349102491487,40.230618586407346
Winter (Dec-Feb),SAN,SNA,68.10919072361978,HRL,27.883397668212055,40.22579305540772
Winter (Dec-Feb),LAX,SAT,68.16829440620388,HRL,27.963635361808272,40.20465904439561
Summer (Jun-Aug),LAS,TUL,65.71263095136085,HRL,25.515542986620186,40.19708796474066
Summer (Jun-Aug),SAN,LIT,65.25794869945285,LRD,25.15145835509316,40.1064903443597
Summer (Jun-Aug),MCO,MCI,70.08687659667092,HRL,29.994349102491487,40.092527494179436
Summer (Jun-Aug),ORD,BNA,65.31852646480252,HRL,25.390833356155145,39.927693108647375
Summer (Jun-Aug),LIT,BHM,68.95893895604729,CHA,29.04663709312608,39.91230186292121
Winter (Dec-Feb),PHX,SAN,67.00441675508945,HRL,27.108124252869185,39.89629250222026
Summer (Jun-Aug),AUS,MSY,65.68270878078604,HRL,25.796220732831742,39.8864880479543
Summer (Jun-Aug),MCO,EWR,69.87119906001296,HRL,29.994349102491487,39.87684995752147
Summer (Jun-Aug),AUS,MEM,65.54990289008826,HRL,25.718098346147563,39.8318045439407
Summer (Jun-Aug),AUS,BHM,65.54035726760699,HRL,25.718098346147563,39.82225892145943
Winter (Dec-Feb),LAX,CLT,67.69206419636406,HRL,27.963635361808272,39.728428834555785
Summer (Jun-Aug),ORD,SFO,65.07268445362465,HRL,25.390833356155145,39.681851097469504
Winter (Dec-Feb),EWR,LIT,67.59473019551274,HRL,27.958741452562744,39.63598874294999
Summer (Jun-Aug),PHX,PNS,66.41172304803285,HRL,26.911666036713456,39.5000570113194
Summer (Jun-Aug),MCO,JAX,69.43014257634721,HRL,29.994349102491487,39.435793473855725
Summer (Jun-Aug),MIA,CLT,67.90904969950289,HRL,28.52465206318216,39.38439763632073
Winter (Dec-Feb),LAX,ATL,67.33541136793217,HRL,27.963635361808272,39.371776006123895
Summer (Jun-Aug),LAX,SAN,67.64373410581544,HRL,28.312126782198675,39.331607323616765
Summer (Jun-Aug),LAX,DTW,67.52721138359978,HRL,28.312126782198675,39.2150846014011
Summer (Jun-Aug),SEA,TPA,65.59320413543813,HRL,26.60627669577324,38.98692743966489
Summer (Jun-Aug),MIA,SAN,67.4191400300509,HRL,28.52465206318216,38.89448796686874
Winter (Dec-Feb),LAX,EWR,66.82071213073898,HRL,27.963635361808272,38.85707676893071
Summer (Jun-Aug),LAX,SLC,67.16688683141776,HRL,28.312126782198675,38.85476004921908
Summer (Jun-Aug),MCO,MAF,68.81845550210802,HRL,29.994349102491487,38.82410639961654
Winter (Dec-Feb),IAH,SFO,66.29010038964283,HRL,27.488664664830882,38.80143572481195
Winter (Dec-Feb),SFO,LIT,65.25496125976024,HRL,26.461059022142337,38.7939022376179
Spring (Mar-May),LGA,TPA,65.02978603852398,SAF,26.35353159437374,38.67625444415024
Winter (Dec-Feb),IAH,CLT,66.12261613545463,HRL,27.488664664830882,38.63395147062376
Summer (Jun-Aug),IAH,SAN,65.37265425565977,HRL,26.741992567668415,38.63066168799135
Summer (Jun-Aug),IAH,MAF,65.3601046401849,HRL,26.741992567668415,38.61811207251648
Winter (Dec-Feb),PHX,MIA,65.67372619984664,HRL,27.108124252869185,38.56560194697745
Winter (Dec-Feb),LGA,AUS,65.9415181488659,HRL,27.377653842215565,38.56386430665033
Summer (Jun-Aug),LAX,LIT,66.80684487738806,HRL,28.312126782198675,38.494718095189384
Winter (Dec-Feb),SAN,SHV,66.35183935097267,HRL,27.883397668212055,38.46844168276061
Summer (Jun-Aug),MIA,EWR,66.96227608826882,HRL,28.52465206318216,38.43762402508666
Summer (Jun-Aug),MAF,TPA,66.51081341346463,HRL,28.099724458512394,38.411088954952234
Summer (Jun-Aug),MIA,SAT,66.9255366572028,HRL,28.52465206318216,38.40088459402064
Winter (Dec-Feb),IAH,AUS,65.87621035631867,HRL,27.488664664830882,38.38754569148779
Winter (Dec-Feb),LAX,BOS,66.33792642760537,HRL,27.963635361808272,38.374291065797095
Summer (Jun-Aug),MIA,OKC,66.8317030819804,HRL,28.52465206318216,38.307051018798234
Winter (Dec-Feb),SAT,SFO,65.85146489703322,HRL,27.595626408024923,38.2558384890083
Spring (Mar-May),IAH,MIA,66.64287746398337,SAF,28.387936955703502,38.254940508279866
Summer (Jun-Aug),MCO,PNS,68.22171411081197,HRL,29.994349102491487,38.22736500832049
Summer (Jun-Aug),LAX,TPA,66.49258637207781,HRL,28.312126782198675,38.180459589879135
Summer (Jun-Aug),PHX,DTW,65.07389517264637,HRL,26.911666036713456,38.16222913593292
Winter (Dec-Feb),IAH,SEA,65.61510112474775,HRL,27.488664664830882,38.126436459916874
Winter (Dec-Feb),PHX,AUS,65.20891248169127,HRL,27.108124252869185,38.10078822882208
Winter (Dec-Feb),SAN,ELP,65.62283202684229,HRL,27.883397668212055,37.739434358630234
Summer (Jun-Aug),SAT,LIT,65.2724196699099,HRL,27.671338134586037,37.60108153532386
Winter (Dec-Feb),LAX,DCA,65.41593112095092,HRL,27.963635361808272,37.45229575914264
Summer (Jun-Aug),LIT,SHV,65.27047511857737,HRL,27.94640506488612,37.324070053691244
Summer (Jun-Aug),LAX,MEM,65.5841672772211,HRL,28.312126782198675,37.272040495022424
Summer (Jun-Aug),MCO,MEM,67.07457399676525,HRL,29.994349102491487,37.08022489427377
Summer (Jun-Aug),LAX,TUL,65.2261357438335,HRL,28.312126782198675,36.91400896163482
Summer (Jun-Aug),MCO,RSW,66.67692306687773,HRL,29.994349102491487,36.68257396438625
Summer (Jun-Aug),LIT,BTR,65.31778607707074,CHA,29.04663709312608,36.271148983944656
Summer (Jun-Aug),MCO,DCA,65.61388931316878,HRL,29.994349102491487,35.6195402106773
Summer (Jun-Aug),MCO,SDF,65.35463197549704,HRL,29.994349102491487,35.36028287300556
Summer (Jun-Aug),MCO,MSP,65.1394077047439,HRL,29.994349102491487,35.14505860225242
